{"input": {"description": "Mom? how can I pass my input to a computer program?\n\nssh input2@pwnable.kr -p2222 (pw:guest)", "name": "input", "writup_url": "writeup.php?task_no=25", "id": "25", "solved": "3013", "url": "/playproc.php?no=25", "img_url": "img/input.png", "points": "4"}, "hunter": {"description": "Hunt the flag!\n\nssh hunter@pwnable.kr -p2222 (pw: guest)", "name": "hunter", "writup_url": "writeup.php?task_no=70", "id": "70", "solved": "33", "url": "/playproc.php?no=70", "img_url": "img/hunter.png", "points": "200"}, "ascii": {"description": "Bypass the alphanumeric ascii armor and execute your shellcode!\r\n\r\n\n\nssh ascii@pwnable.kr -p2222 (pw:guest)", "name": "ascii", "writup_url": "writeup.php?task_no=33", "id": "33", "solved": "319", "url": "/playproc.php?no=33", "img_url": "img/ascii.png", "points": "333"}, "fd": {"description": "Mommy! what is a file descriptor in Linux?\r\n\r\n* try to play the wargame your self but if you are ABSOLUTE beginner, follow this tutorial link:\r\nhttps://youtu.be/971eZhMHQQw\n\nssh fd@pwnable.kr -p2222 (pw:guest)", "name": "fd", "writup_url": "writeup.php?task_no=1", "id": "1", "solved": "23293", "url": "/playproc.php?no=1", "img_url": "img/fd.png", "points": "1"}, "exynos": {"description": "How did Samsung accidently mess up their phone?\r\n\r\n* there is gcc environment inside the QEMU box.\r\n* no debugging environment is provided.\r\n* download: http://pwnable.kr/bin/exynos-mem\n\nssh exynos@pwnable.kr -p2222 (pw: flag of syscall)", "name": "exynos", "writup_url": "writeup.php?task_no=68", "id": "68", "solved": "66", "url": "/playproc.php?no=68", "img_url": "img/exynos.png", "points": "250"}, "wtf": {"description": "I don't understand why my exploit is not working.\r\nI need your help.\r\n\r\ndownload : http://pwnable.kr/bin/wtf\r\ndownload : http://pwnable.kr/bin/wtf.py\n\nRunning at : nc pwnable.kr 9015", "name": "wtf", "writup_url": "writeup.php?task_no=45", "id": "45", "solved": "378", "url": "/playproc.php?no=45", "img_url": "img/wtf.png", "points": "100"}, "crcgen": {"description": "Daddy made me enable all the compiler protections \"-fstack-protector-all -O2 -D_FORTIFY_SOURCE=2 -Wl,-z,now -Wl,-z,relro\", now my binary is super safe to use. \r\nAs a programmer, I can just forget about security best practices when the compiler takes care of it for me!\r\n\r\nchallenge author: Caesurus\n\nssh crcgen@pwnable.kr -p2222 (pw: guest)", "name": "crcgen", "writup_url": "writeup.php?task_no=72", "id": "72", "solved": "72", "url": "/playproc.php?no=72", "img_url": "img/crcgen.png", "points": "200"}, "note": {"description": "Check out my SECURITY PATCH for mmap().\r\ndespite no-ASLR setting, it will randomize memory layout.\r\nso it will contribute for exploit mitigation.\r\nwanna try sample application?\r\n\n\nssh note@pwnable.kr -p2222 (pw:guest)", "name": "note", "writup_url": "writeup.php?task_no=52", "id": "52", "solved": "343", "url": "/playproc.php?no=52", "img_url": "img/note.png", "points": "200"}, "syscall": {"description": "I made a new system call for Linux kernel.\r\nIt converts lowercase letters to upper case letters.\r\nwould you like to see the implementation?\r\n\r\nDownload : http://pwnable.kr/bin/syscall.c\r\n\n\nssh syscall@pwnable.kr -p2222 (pw:guest)", "name": "syscall", "writup_url": "writeup.php?task_no=35", "id": "35", "solved": "664", "url": "/playproc.php?no=35", "img_url": "img/syscall.png", "points": "200"}, "nuclear": {"description": "Do you like starcraft?\r\n\r\ndownload : http://pwnable.kr/bin/nuclear\r\ndownload : http://pwnable.kr/bin/libc.nuclear.so\r\ndownload : http://pwnable.kr/bin/ld.nuclear.so\r\n\n\nRunning at : nc pwnable.kr 9013", "name": "nuclear", "writup_url": "writeup.php?task_no=47", "id": "47", "solved": "171", "url": "/playproc.php?no=47", "img_url": "img/nuclear.png", "points": "222"}, "lotto": {"description": "Mommy! I made a lotto program for my homework.\r\ndo you want to play?\r\n\n\nssh lotto@pwnable.kr -p2222 (pw:guest)", "name": "lotto", "writup_url": "writeup.php?task_no=41", "id": "41", "solved": "3752", "url": "/playproc.php?no=41", "img_url": "img/lotto.png", "points": "2"}, "unlink": {"description": "Daddy! how can I exploit unlink corruption?\n\nssh unlink@pwnable.kr -p2222 (pw: guest)", "name": "unlink", "writup_url": "writeup.php?task_no=65", "id": "65", "solved": "1235", "url": "/playproc.php?no=65", "img_url": "img/unlink.png", "points": "10"}, "aeg": {"description": "How fast can you pwn me?\n\nRunning at : nc pwnable.kr 9005", "name": "aeg", "writup_url": "writeup.php?task_no=34", "id": "34", "solved": "228", "url": "/playproc.php?no=34", "img_url": "img/aeg.png", "points": "550"}, "cmd1": {"description": "Mommy! what is PATH environment in Linux?\n\nssh cmd1@pwnable.kr -p2222 (pw:guest)", "name": "cmd1", "writup_url": "writeup.php?task_no=48", "id": "48", "solved": "4933", "url": "/playproc.php?no=48", "img_url": "img/cmd1.png", "points": "1"}, "fix": {"description": "Why bother to make your own shellcode?\r\nI can simply copy&paste from shell-storm.org\r\nso I just copied it from shell-storm then used it for my buffer overflow exercise\r\nbut it doesn't work :(\r\ncan you please help me to fix this??\r\n\n\nssh fix@pwnable.kr -p2222 (pw:guest)", "name": "fix", "writup_url": "writeup.php?task_no=28", "id": "28", "solved": "768", "url": "/playproc.php?no=28", "img_url": "img/fix.png", "points": "35"}, "mistake": {"description": "We all make mistakes, let's move on.\r\n(don't take this too seriously, no fancy hacking skill is required at all)\r\n\r\nThis task is based on real event\r\nThanks to dhmonkey\r\n\r\nhint : operator priority\n\nssh mistake@pwnable.kr -p2222 (pw:guest)", "name": "mistake", "writup_url": "writeup.php?task_no=31", "id": "31", "solved": "5418", "url": "/playproc.php?no=31", "img_url": "img/mistake.png", "points": "1"}, "pwnsandbox": {"description": "My computer is fancy! it has fast SSD memory and state-of-the-art multicore CPU and etc.\r\nbut all such resources are useless if software is unsafe... can you pwn this?\n\nssh pwnsandbox@pwnable.kr -p2222 (pw: guest)", "name": "pwnsandbox", "writup_url": "writeup.php?task_no=71", "id": "71", "solved": "55", "url": "/playproc.php?no=71", "img_url": "img/pwnsandbox.png", "points": "600"}, "flag": {"description": "Papa brought me a packed present! let's open it.\r\n\r\nDownload : http://pwnable.kr/bin/flag\n\nThis is reversing task. all you need is binary", "name": "flag", "writup_url": "writeup.php?task_no=9", "id": "9", "solved": "8602", "url": "/playproc.php?no=9", "img_url": "img/flag.png", "points": "7"}, "dos4fun": {"description": "I don't think there is ASLR or NX stuff in early MS-DOS system.\r\nSo, once you find a security mistake, it would be easy to exploit this.\r\n\r\nDownload : http://pwnable.kr/bin/dos4fun.exe\n\nssh dos@pwnable.kr -p2222 (pw:guest)", "name": "dos4fun", "writup_url": "writeup.php?task_no=29", "id": "29", "solved": "136", "url": "/playproc.php?no=29", "img_url": "img/dos4fun.png", "points": "444"}, "combabo calculator": {"description": "I guess every hacker loves calculator. how about you?\r\n\r\nchallenge author: hdarwin (hdarwin89@gmail.com)\n\nssh combabo_calculator@pwnable.kr -p2222 (pw: guest)", "name": "combabo calculator", "writup_url": "writeup.php?task_no=69", "id": "69", "solved": "40", "url": "/playproc.php?no=69", "img_url": "img/combabo%20calculator.png", "points": "500"}, "fsb": {"description": "Isn't FSB almost obsolete in computer security?\r\nAnyway, have fun with it :)\n\nssh fsb@pwnable.kr -p2222 (pw:guest)", "name": "fsb", "writup_url": "writeup.php?task_no=22", "id": "22", "solved": "966", "url": "/playproc.php?no=22", "img_url": "img/fsb.png", "points": "20"}, "ascii_easy": {"description": "We often need to make 'printable-ascii-only' exploit payload.  You wanna try?\r\n\r\nhint : you don't necessarily have to jump at the beggining of a function. try to land anyware.\r\n\n\nssh ascii_easy@pwnable.kr -p2222 (pw:guest)", "name": "ascii_easy", "writup_url": "writeup.php?task_no=11", "id": "11", "solved": "800", "url": "/playproc.php?no=11", "img_url": "img/ascii_easy.png", "points": "33"}, "crypto1": {"description": "We have isolated the authentication procedure to another box using RPC. \r\nThe credential information between RPC is encrypted with AES-CBC, so it will be secure enough from sniffing.\r\nI believe no one can login as admin but me :p\r\n\r\nDownload : http://pwnable.kr/bin/client.py\r\nDownload : http://pwnable.kr/bin/server.py\r\n\n\nRunning at : nc pwnable.kr 9006", "name": "crypto1", "writup_url": "writeup.php?task_no=37", "id": "37", "solved": "532", "url": "/playproc.php?no=37", "img_url": "img/crypto1.png", "points": "120"}, "leg": {"description": "Daddy told me I should study arm.\r\nBut I prefer to study my leg!\r\n\r\nDownload : http://pwnable.kr/bin/leg.c\r\nDownload : http://pwnable.kr/bin/leg.asm\n\nssh leg@pwnable.kr -p2222 (pw:guest)", "name": "leg", "writup_url": "writeup.php?task_no=27", "id": "27", "solved": "3278", "url": "/playproc.php?no=27", "img_url": "img/leg.png", "points": "2"}, "starcraft": {"description": "You wanna piece of pwnable boy?\n\nssh starcraft@pwnable.kr -p2222 (pw:guest)", "name": "starcraft", "writup_url": "writeup.php?task_no=54", "id": "54", "solved": "162", "url": "/playproc.php?no=54", "img_url": "img/starcraft.png", "points": "300"}, "asm": {"description": "Mommy! I think I know how to make shellcodes\n\nssh asm@pwnable.kr -p2222 (pw: guest)", "name": "asm", "writup_url": "writeup.php?task_no=64", "id": "64", "solved": "1382", "url": "/playproc.php?no=64", "img_url": "img/asm.png", "points": "6"}, "softmmu": {"description": "If you are good at kernel exploit, try this one :)\r\n\r\nDownload : http://pwnable.kr/bin/softmmu\n\nssh softmmu@pwnable.kr -p2222 (pw:flag of syscall)", "name": "softmmu", "writup_url": "writeup.php?task_no=15", "id": "15", "solved": "97", "url": "/playproc.php?no=15", "img_url": "img/softmmu.png", "points": "666"}, "blackjack": {"description": "Hey! check out this C implementation of blackjack game!\r\nI found it online\r\n* http://cboard.cprogramming.com/c-programming/114023-simple-blackjack-program.html\r\n\r\nI like to give my flags to millionares.\r\nhow much money you got?\r\n\n\nRunning at : nc pwnable.kr 9009", "name": "blackjack", "writup_url": "writeup.php?task_no=40", "id": "40", "solved": "3787", "url": "/playproc.php?no=40", "img_url": "img/blackjack.png", "points": "1"}, "mipstake": {"description": "Oops, its a MIPStake!\r\nthanksto: IS572_EMBSEC_KAIST_SPRING\n\nssh mipstake@pwnable.kr -p2222 (pw:flag of echo1)", "name": "mipstake", "writup_url": "writeup.php?task_no=76", "id": "76", "solved": "41", "url": "/playproc.php?no=76", "img_url": "img/mipstake.png", "points": "200"}, "shellshock": {"description": "Mommy, there was a shocking news about bash.\r\nI bet you already know, but lets just make it sure :)\r\n\n\nssh shellshock@pwnable.kr -p2222 (pw:guest)", "name": "shellshock", "writup_url": "writeup.php?task_no=36", "id": "36", "solved": "4970", "url": "/playproc.php?no=36", "img_url": "img/shellshock.png", "points": "1"}, "loveletter": {"description": "At the end... all that matters is love.\r\nauthor: jiwon choi\n\nssh loveletter@pwnable.kr -p2222 (pw:guest)", "name": "loveletter", "writup_url": "writeup.php?task_no=74", "id": "74", "solved": "223", "url": "/playproc.php?no=74", "img_url": "img/loveletter.png", "points": "50"}, "exploitable": {"description": "I think this is exploitable bug. you don't agree?!\n\nssh exploitable@pwnable.kr -p2222 (pw:guest)", "name": "exploitable", "writup_url": "writeup.php?task_no=53", "id": "53", "solved": "210", "url": "/playproc.php?no=53", "img_url": "img/exploitable.png", "points": "99"}, "bof": {"description": "Nana told me that buffer overflow is one of the most common software vulnerability. \r\nIs that true?\r\n\r\nDownload : http://pwnable.kr/bin/bof\r\nDownload : http://pwnable.kr/bin/bof.c\n\nRunning at : nc pwnable.kr 9000", "name": "bof", "writup_url": "writeup.php?task_no=3", "id": "3", "solved": "10055", "url": "/playproc.php?no=3", "img_url": "img/bof.png", "points": "5"}, "coin1": {"description": "Mommy, I wanna play a game!\r\n(if your network response time is too slow, try nc 0 9007 inside pwnable.kr server)\n\nRunning at : nc pwnable.kr 9007", "name": "coin1", "writup_url": "writeup.php?task_no=38", "id": "38", "solved": "2701", "url": "/playproc.php?no=38", "img_url": "img/coin1.png", "points": "6"}, "otp": {"description": "I made a skeleton interface for one time password authentication system.\r\nI guess there are no mistakes.\r\ncould you take a look at it?\r\n\r\nhint : not a race condition. do not bruteforce.\n\nssh otp@pwnable.kr -p2222 (pw:guest)", "name": "otp", "writup_url": "writeup.php?task_no=10", "id": "10", "solved": "892", "url": "/playproc.php?no=10", "img_url": "img/otp.png", "points": "100"}, "alloca": {"description": "Let me give you a lesson: \"How to prevent buffer overflow?\"\r\n\n\nssh alloca@pwnable.kr -p2222 (pw:guest)", "name": "alloca", "writup_url": "writeup.php?task_no=55", "id": "55", "solved": "355", "url": "/playproc.php?no=55", "img_url": "img/alloca.png", "points": "80"}, "cmd2": {"description": "Daddy bought me a system command shell.\r\nbut he put some filters to prevent me from playing with it without his permission...\r\nbut I wanna play anytime I want!\n\nssh cmd2@pwnable.kr -p2222 (pw:flag of cmd1)", "name": "cmd2", "writup_url": "writeup.php?task_no=49", "id": "49", "solved": "3352", "url": "/playproc.php?no=49", "img_url": "img/cmd2.png", "points": "9"}, "towelroot": {"description": "Time for some real-world system exploitation...!!\r\nGeohot rooted galaxy s5!\r\nCan you do something like that too?\r\n\r\nDownload : http://pwnable.kr/bin/tr.tgz (there is gcc, lpthread environment!)\r\nDownload : http://pwnable.kr/bin/towelroot_helper.c\r\n\r\n\n\nssh towelroot@pwnable.kr -p2222 (pw: flag of syscall)", "name": "towelroot", "writup_url": "writeup.php?task_no=32", "id": "32", "solved": "50", "url": "/playproc.php?no=32", "img_url": "img/towelroot.png", "points": "700"}, "coin2": {"description": "Shall we play a game?\r\n(if your network response time is slow, try nc 0 9008 inside pwnable.kr server)\n\nRunning at : nc pwnable.kr 9008", "name": "coin2", "writup_url": "writeup.php?task_no=39", "id": "39", "solved": "366", "url": "/playproc.php?no=39", "img_url": "img/coin2.png", "points": "111"}, "passcode": {"description": "Mommy told me to make a passcode based login system.\r\nMy initial C code was compiled without any error!\r\nWell, there was some compiler warning, but who cares about that?\n\nssh passcode@pwnable.kr -p2222 (pw:guest)", "name": "passcode", "writup_url": "writeup.php?task_no=18", "id": "18", "solved": "5987", "url": "/playproc.php?no=18", "img_url": "img/passcode.png", "points": "10"}, "sudoku": {"description": "Daddy likes to play sudoku and he is fairly good at it\r\nbut sometimes he is too errogant :(\r\nlets challenge him!\r\n\n\nRunning at : nc pwnable.kr 9016", "name": "sudoku", "writup_url": "writeup.php?task_no=50", "id": "50", "solved": "248", "url": "/playproc.php?no=50", "img_url": "img/sudoku.png", "points": "111"}, "lfh": {"description": "Windows LFH became much secure since the 8 series.\r\nMaybe we should learn techniques from their implementation.\r\n\n\nssh lfh@pwnable.kr -p2222 (pw: guest)", "name": "lfh", "writup_url": "writeup.php?task_no=63", "id": "63", "solved": "100", "url": "/playproc.php?no=63", "img_url": "img/lfh.png", "points": "300"}, "echo2": {"description": "Pwn this echo service.\r\n\r\ndownload : http://pwnable.kr/bin/echo2\n\nRunning at : nc pwnable.kr 9011", "name": "echo2", "writup_url": "writeup.php?task_no=43", "id": "43", "solved": "822", "url": "/playproc.php?no=43", "img_url": "img/echo2.png", "points": "50"}, "memcpy": {"description": "Are you tired of hacking?, take some rest here.\r\nJust help me out with my small experiment regarding memcpy performance. \r\nafter that, flag is yours.\r\n\r\nhttp://pwnable.kr/bin/memcpy.c\n\nssh memcpy@pwnable.kr -p2222 (pw:guest)", "name": "memcpy", "writup_url": "writeup.php?task_no=58", "id": "58", "solved": "1391", "url": "/playproc.php?no=58", "img_url": "img/memcpy.png", "points": "10"}, "tiny": {"description": "What a tiny program!\r\n\r\n*this challenge can be solved same as tiny_hard\n\nssh tiny@pwnable.kr -p2222 (pw:guest)", "name": "tiny", "writup_url": "writeup.php?task_no=14", "id": "14", "solved": "237", "url": "/playproc.php?no=14", "img_url": "img/tiny.png", "points": "600"}, "cmd3": {"description": "From cmd2, daddy used some filters to keep me from playing with the shell.\r\nBut thanks to you, I found a work around and had fun.\r\nDaddy got angry about it and fortified the shell way too much.\r\n\r\nCan you play with the shell?\n\nssh cmd3@pwnable.kr -p2222 (pw: flag of cmd2)", "name": "cmd3", "writup_url": "writeup.php?task_no=59", "id": "59", "solved": "237", "url": "/playproc.php?no=59", "img_url": "img/cmd3.png", "points": "150"}, "blukat": {"description": "Sometimes, pwnable is strange...\r\nhint: if this challenge is hard, you are a skilled player.\n\nssh blukat@pwnable.kr -p2222 (pw: guest)", "name": "blukat", "writup_url": "writeup.php?task_no=73", "id": "73", "solved": "921", "url": "/playproc.php?no=73", "img_url": "img/blukat.png", "points": "3"}, "rootkit": {"description": "Server admin says he can't access a file even if he has root.\r\nCan you access the file?\r\n\r\nDownload : http://pwnable.kr/bin/rootkit\n\nssh rootkit@pwnable.kr -p2222 (pw:guest)", "name": "rootkit", "writup_url": "writeup.php?task_no=12", "id": "12", "solved": "416", "url": "/playproc.php?no=12", "img_url": "img/rootkit.png", "points": "400"}, "horcruxes": {"description": "Voldemort concealed his splitted soul inside 7 horcruxes.\r\nFind all horcruxes, and ROP it!\r\nauthor: jiwon choi\n\nssh horcruxes@pwnable.kr -p2222 (pw:guest)", "name": "horcruxes", "writup_url": "writeup.php?task_no=75", "id": "75", "solved": "552", "url": "/playproc.php?no=75", "img_url": "img/horcruxes.png", "points": "7"}, "rsa calculator": {"description": "Pwn this RSA calculator service.\r\nits lame, but it also supports some encryption/decryption.\r\n\r\ndownload : http://pwnable.kr/bin/rsa_calculator\n\nRunning at : nc pwnable.kr 9012", "name": "rsa calculator", "writup_url": "writeup.php?task_no=46", "id": "46", "solved": "445", "url": "/playproc.php?no=46", "img_url": "img/rsa%20calculator.png", "points": "200"}, "echo1": {"description": "Pwn this echo service.\r\n\r\ndownload : http://pwnable.kr/bin/echo1\n\nRunning at : nc pwnable.kr 9010", "name": "echo1", "writup_url": "writeup.php?task_no=42", "id": "42", "solved": "1221", "url": "/playproc.php?no=42", "img_url": "img/echo1.png", "points": "25"}, "dragon": {"description": "I made a RPG game for my little brother.\r\nBut to trick him, I made it impossible to win.\r\nI hope he doesn't get too angry with me :P!\r\n\r\nAuthor : rookiss\r\nDownload : http://pwnable.kr/bin/dragon\n\nRunning at : nc pwnable.kr 9004", "name": "dragon", "writup_url": "writeup.php?task_no=26", "id": "26", "solved": "1201", "url": "/playproc.php?no=26", "img_url": "img/dragon.png", "points": "75"}, "uaf": {"description": "Mommy, what is Use After Free bug?\n\nssh uaf@pwnable.kr -p2222 (pw:guest)", "name": "uaf", "writup_url": "writeup.php?task_no=56", "id": "56", "solved": "2519", "url": "/playproc.php?no=56", "img_url": "img/uaf.png", "points": "8"}, "unexploitable": {"description": "I don't think this is exploitable bug. do you agree?\r\n\r\n(task is patched. unintended easy solutions will not work from now :P)\n\nssh unexploitable@pwnable.kr -p2222 (pw:guest)", "name": "unexploitable", "writup_url": "writeup.php?task_no=8", "id": "8", "solved": "550", "url": "/playproc.php?no=8", "img_url": "img/unexploitable.png", "points": "500"}, "lokihardt": {"description": "How did lokihardt pwned Microsoft Edge?\n\nssh lokihardt@pwnable.kr -p2222 (pw: guest)", "name": "lokihardt", "writup_url": "writeup.php?task_no=66", "id": "66", "solved": "109", "url": "/playproc.php?no=66", "img_url": "img/lokihardt.png", "points": "300"}, "collision": {"description": "Daddy told me about cool MD5 hash collision today.\r\nI wanna do something like that too!\n\nssh col@pwnable.kr -p2222 (pw:guest)", "name": "collision", "writup_url": "writeup.php?task_no=2", "id": "2", "solved": "13951", "url": "/playproc.php?no=2", "img_url": "img/collision.png", "points": "3"}, "maze": {"description": "Help me get through this maze...\r\nsee you at level20.\r\n\r\ndownload : http://pwnable.kr/bin/maze\r\ndownload : http://pwnable.kr/bin/maze_map.txt\r\n\r\n* stty -icanon before nc.\r\n* arrow keys : WASD\n\nRunning at : stty -icanon; nc pwnable.kr 9014", "name": "maze", "writup_url": "writeup.php?task_no=44", "id": "44", "solved": "195", "url": "/playproc.php?no=44", "img_url": "img/maze.png", "points": "150"}, "elf": {"description": "How the ELF Ruined Christmas?\n\nssh elf@pwnable.kr -p2222 (pw: guest)", "name": "elf", "writup_url": "writeup.php?task_no=61", "id": "61", "solved": "119", "url": "/playproc.php?no=61", "img_url": "img/elf.png", "points": "100"}, "tiny_easy": {"description": "I made a pretty difficult pwn task.\r\nHowever I also made a dumb rookie mistake and made it too easy :(\r\nThis is based on real event :) enjoy.\n\nssh tiny_easy@pwnable.kr -p2222 (pw:guest)", "name": "tiny_easy", "writup_url": "writeup.php?task_no=17", "id": "17", "solved": "1068", "url": "/playproc.php?no=17", "img_url": "img/tiny_easy.png", "points": "30"}, "md5 calculator": {"description": "We made a simple MD5 calculator as a network service.\r\nFind a bug and exploit it to get a shell.\r\n\r\nDownload : http://pwnable.kr/bin/hash\r\nhint : this service shares the same machine with pwnable.kr web service\n\nRunning at : nc pwnable.kr 9002", "name": "md5 calculator", "writup_url": "writeup.php?task_no=5", "id": "5", "solved": "882", "url": "/playproc.php?no=5", "img_url": "img/md5%20calculator.png", "points": "200"}, "malware": {"description": "I have no respect for writing malware\r\nbut I do have respect for writing cool malware\r\nlets find a way to beat ANUBIS (https://anubis.iseclab.org)\r\n\r\ndownload : http://pwnable.kr/bin/malware.py\n\nRunning at : nc pwnable.kr 9017", "name": "malware", "writup_url": "writeup.php?task_no=51", "id": "51", "solved": "134", "url": "/playproc.php?no=51", "img_url": "img/malware.png", "points": "500"}, "asg": {"description": "How fast can you make a shellcode?\n\nssh asg@pwnable.kr -p2222 (pw: flag of asm)", "name": "asg", "writup_url": "writeup.php?task_no=67", "id": "67", "solved": "95", "url": "/playproc.php?no=67", "img_url": "img/asg.png", "points": "400"}, "random": {"description": "Daddy, teach me how to use random value in programming!\n\nssh random@pwnable.kr -p2222 (pw:guest)", "name": "random", "writup_url": "writeup.php?task_no=21", "id": "21", "solved": "8035", "url": "/playproc.php?no=21", "img_url": "img/random.png", "points": "1"}, "kcrc": {"description": "This is a simple CRC calculator for kernel module programming exercise.\r\nI bet there are no bugs. \r\nbut you can check it if you want.\r\n\r\nDownload: http://pwnable.kr/bin/kcrc.tgz\n\nssh kcrc@pwnable.kr -p2222 (pw: flag of syscall)", "name": "kcrc", "writup_url": "writeup.php?task_no=62", "id": "62", "solved": "67", "url": "/playproc.php?no=62", "img_url": "img/kcrc.png", "points": "500"}, "tiny_hard": {"description": "pwn this\n\nssh tiny_hard@pwnable.kr -p2222 (pw: guest)", "name": "tiny_hard", "writup_url": "writeup.php?task_no=60", "id": "60", "solved": "85", "url": "/playproc.php?no=60", "img_url": "img/tiny_hard.png", "points": "99"}, "proxy server": {"description": "This task is under construction.\n\nRunning at : nc pwnable.kr 9903", "name": "proxy server", "writup_url": "writeup.php?task_no=7", "id": "7", "solved": "176", "url": "/playproc.php?no=7", "img_url": "img/proxy%20server.png", "points": "444"}, "simple login": {"description": "Can you get authentication from this server?\r\n\r\nDownload : http://pwnable.kr/bin/login\n\nRunning at : nc pwnable.kr 9003", "name": "simple login", "writup_url": "writeup.php?task_no=6", "id": "6", "solved": "1583", "url": "/playproc.php?no=6", "img_url": "img/simple%20login.png", "points": "50"}, "brain fuck": {"description": "I made a simple brain-fuck language emulation program written in C. \r\nThe [ ] commands are not implemented yet. However the rest functionality seems working fine. \r\nFind a bug and exploit it to get a shell. \r\n\r\nDownload : http://pwnable.kr/bin/bf\r\nDownload : http://pwnable.kr/bin/bf_libc.so\n\nRunning at : nc pwnable.kr 9001", "name": "brain fuck", "writup_url": "writeup.php?task_no=4", "id": "4", "solved": "1322", "url": "/playproc.php?no=4", "img_url": "img/brain%20fuck.png", "points": "150"}}